;Arc;Datetime;DÃ©bit horaire;Taux d'occupation
0;Washington;2020-12-11 00:00:00+01:00;161.323252785784;1.95244924296253
1;Convention;2020-12-11 00:00:00+01:00;201.548031968032;1.41007923410963
2;Sts;2020-12-11 00:00:00+01:00;107.507940175837;1.4810056878283
3;Washington;2020-12-11 01:00:00+01:00;130.017810092304;1.76038892932411
4;Convention;2020-12-11 01:00:00+01:00;184.791246640614;1.40297321967783
5;Sts;2020-12-11 01:00:00+01:00;94.3954081327169;1.22973899842667
6;Washington;2020-12-11 02:00:00+01:00;106.799961961728;1.41811841658696
7;Convention;2020-12-11 02:00:00+01:00;105.389438953332;0.70837247631679
8;Sts;2020-12-11 02:00:00+01:00;55.3136701011406;0.792373200638084
9;Washington;2020-12-11 03:00:00+01:00;87.4372720923528;1.10931333711893
10;Convention;2020-12-11 03:00:00+01:00;91.0006255706368;0.616953429955159
11;Sts;2020-12-11 03:00:00+01:00;32.7625744402656;0.477263905401693
12;Washington;2020-12-11 04:00:00+01:00;83.808411876843;1.04078436292489
13;Convention;2020-12-11 04:00:00+01:00;77.5159737518673;0.47344473982349
14;Sts;2020-12-11 04:00:00+01:00;28.5824860035475;0.421772927673932
15;Washington;2020-12-11 05:00:00+01:00;94.3448919207928;1.11503086062511
16;Convention;2020-12-11 05:00:00+01:00;77.1836229776415;0.504317212481657
17;Sts;2020-12-11 05:00:00+01:00;29.3653695365092;0.463274386991733
18;Washington;2020-12-11 06:00:00+01:00;201.009964976253;2.07723294658042
19;Convention;2020-12-11 06:00:00+01:00;111.00669498557;0.676953267815117
20;Sts;2020-12-11 06:00:00+01:00;54.3535481934216;0.657588810027561
21;Washington;2020-12-11 07:00:00+01:00;601.542329720257;5.92183550446999
22;Convention;2020-12-11 07:00:00+01:00;299.040714897821;2.09288325835248
23;Sts;2020-12-11 07:00:00+01:00;164.487715678542;1.96556789212955
24;Washington;2020-12-11 08:00:00+01:00;1053.36448077743;12.3362769995572
25;Convention;2020-12-11 08:00:00+01:00;572.635970378477;6.53627500428106
26;Sts;2020-12-11 08:00:00+01:00;377.730504446576;4.67928381906695
27;Washington;2020-12-11 09:00:00+01:00;1243.52444336859;16.0006568287753
28;Convention;2020-12-11 09:00:00+01:00;754.868040563152;7.38156128541512
29;Sts;2020-12-11 09:00:00+01:00;770.683164278402;10.8949310905469
30;Washington;2020-12-11 10:00:00+01:00;1249.13154061959;17.3483554607802
31;Convention;2020-12-11 10:00:00+01:00;752.482668525059;6.94077531828001
32;Sts;2020-12-11 10:00:00+01:00;770.683164278402;10.8949310905469
33;Washington;2020-12-11 11:00:00+01:00;1194.31515800828;17.6065561642795
34;Convention;2020-12-11 11:00:00+01:00;747.196820942086;6.07636042814013
35;Sts;2020-12-11 11:00:00+01:00;771.626502513696;10.8949310905469
36;Washington;2020-12-11 12:00:00+01:00;1178.80044102779;18.1549419193573
37;Convention;2020-12-11 12:00:00+01:00;789.821203711865;6.09021028319596
38;Sts;2020-12-11 12:00:00+01:00;776.195079233273;10.9124905602439
39;Washington;2020-12-11 13:00:00+01:00;1173.14179658917;21.2850833812318
40;Convention;2020-12-11 13:00:00+01:00;803.904795589758;6.07013911168107
41;Sts;2020-12-11 13:00:00+01:00;787.386077068771;10.9441066849018
42;Washington;2020-12-11 14:00:00+01:00;1141.16547391639;21.7982397063083
43;Convention;2020-12-11 14:00:00+01:00;808.663271188234;6.10544964239643
44;Sts;2020-12-11 14:00:00+01:00;788.372137674832;10.9681684310805
45;Washington;2020-12-11 15:00:00+01:00;1142.4021666387;22.112792522541
46;Convention;2020-12-11 15:00:00+01:00;833.979620533333;6.6668229270478
47;Sts;2020-12-11 15:00:00+01:00;792.911324543519;10.9409718511961
48;Washington;2020-12-11 16:00:00+01:00;1138.61092661556;22.4839429583428
49;Convention;2020-12-11 16:00:00+01:00;832.70777709899;8.42640402017275
50;Sts;2020-12-11 16:00:00+01:00;838.720813418607;10.9391499298605
51;Washington;2020-12-11 17:00:00+01:00;1102.06565426289;21.9181563891344
52;Convention;2020-12-11 17:00:00+01:00;876.022837313629;11.7478281465202
53;Sts;2020-12-11 17:00:00+01:00;847.079607249776;10.9391499298605
54;Washington;2020-12-11 18:00:00+01:00;1102.15543969967;21.2767781064988
55;Convention;2020-12-11 18:00:00+01:00;925.987420520999;14.6721690686813
56;Sts;2020-12-11 18:00:00+01:00;845.614881059299;10.5401874249796
57;Washington;2020-12-11 19:00:00+01:00;1094.54891311304;19.5871107050798
58;Convention;2020-12-11 19:00:00+01:00;924.737106501685;13.9256042290333
59;Sts;2020-12-11 19:00:00+01:00;857.135307650682;9.27363809433841
60;Washington;2020-12-11 20:00:00+01:00;1067.26928550295;15.5992907491709
61;Convention;2020-12-11 20:00:00+01:00;901.434986624486;11.4055854041966
62;Sts;2020-12-11 20:00:00+01:00;854.466441489066;9.12684825240222
63;Washington;2020-12-11 21:00:00+01:00;690.280143176854;8.58158561206379
64;Convention;2020-12-11 21:00:00+01:00;768.904469639837;4.68805249346784
65;Sts;2020-12-11 21:00:00+01:00;846.501462135087;4.51041044929631
66;Washington;2020-12-11 22:00:00+01:00;423.146666038545;6.60313034792432
67;Convention;2020-12-11 22:00:00+01:00;456.597277354181;2.20965533815556
68;Sts;2020-12-11 22:00:00+01:00;314.774477142955;2.62483093379806
69;Washington;2020-12-11 23:00:00+01:00;275.911306192732;5.33180631397428
70;Convention;2020-12-11 23:00:00+01:00;340.982237388428;1.62685983226838
71;Sts;2020-12-11 23:00:00+01:00;294.796579485873;2.14520556613231
72;Washington;2020-12-12 00:00:00+01:00;166.978788256377;1.96121705521469
73;Convention;2020-12-12 00:00:00+01:00;210.489903318903;1.42492508145361
74;Sts;2020-12-12 00:00:00+01:00;111.746254474584;1.51465829450986
75;Washington;2020-12-12 01:00:00+01:00;136.236181427067;1.77976403809433
76;Convention;2020-12-12 01:00:00+01:00;197.553558356675;1.4153735760125
77;Sts;2020-12-12 01:00:00+01:00;98.5298312129047;1.2974138852676
78;Washington;2020-12-12 02:00:00+01:00;112.865118456628;1.4509882223317
79;Convention;2020-12-12 02:00:00+01:00;135.005358619609;1.23827569172378
80;Sts;2020-12-12 02:00:00+01:00;64.5309635642136;0.937980856156394
81;Washington;2020-12-12 03:00:00+01:00;88.7829883532162;1.13611400651396
82;Convention;2020-12-12 03:00:00+01:00;126.79832399492;1.02384574467635
83;Sts;2020-12-12 03:00:00+01:00;43.5458541392388;0.752825308873056
84;Washington;2020-12-12 04:00:00+01:00;84.4373037766099;1.05082379342668
85;Convention;2020-12-12 04:00:00+01:00;95.6215893865335;0.519655326771112
86;Sts;2020-12-12 04:00:00+01:00;37.1949693183493;0.71945937352826
87;Washington;2020-12-12 05:00:00+01:00;90.8167910465209;1.09099032950432
88;Convention;2020-12-12 05:00:00+01:00;89.7211817561523;0.492155858761612
89;Sts;2020-12-12 05:00:00+01:00;37.271184488628;0.695793284184681
90;Washington;2020-12-12 06:00:00+01:00;107.724166392456;1.68377028723676
91;Convention;2020-12-12 06:00:00+01:00;86.9568248132586;0.520392397817105
92;Sts;2020-12-12 06:00:00+01:00;34.5875205477786;0.5504140917035
93;Washington;2020-12-12 07:00:00+01:00;173.554260872439;2.39322292863325
94;Convention;2020-12-12 07:00:00+01:00;140.181863546541;1.10840554096174
95;Sts;2020-12-12 07:00:00+01:00;64.9849117410367;0.866389470532856
96;Washington;2020-12-12 08:00:00+01:00;375.285702227748;5.4270611900285
97;Convention;2020-12-12 08:00:00+01:00;284.163519130336;3.25085787930099
98;Sts;2020-12-12 08:00:00+01:00;122.542785754622;1.81286210948543
99;Washington;2020-12-12 09:00:00+01:00;394.288148137213;7.67698773341137
100;Convention;2020-12-12 09:00:00+01:00;367.68436061161;2.25514852284751
101;Sts;2020-12-12 09:00:00+01:00;288.119187062121;4.22075557196562
102;Washington;2020-12-12 10:00:00+01:00;519.328778751107;8.37860922457412
103;Convention;2020-12-12 10:00:00+01:00;509.916338506265;2.7954257977572
104;Sts;2020-12-12 10:00:00+01:00;321.032223622395;4.25260620734001
105;Washington;2020-12-12 11:00:00+01:00;906.489098441746;11.1595718206812
106;Convention;2020-12-12 11:00:00+01:00;556.90363226561;3.78450559677601
107;Sts;2020-12-12 11:00:00+01:00;459.890834185422;6.17385200555868
108;Washington;2020-12-12 12:00:00+01:00;949.271127389792;13.3386366398974
109;Convention;2020-12-12 12:00:00+01:00;739.822604895348;4.80330519912332
110;Sts;2020-12-12 12:00:00+01:00;529.226926783613;7.16121785931585
111;Washington;2020-12-12 13:00:00+01:00;970.236181847838;19.819406259074
112;Convention;2020-12-12 13:00:00+01:00;757.658429931423;5.01855797409075
113;Sts;2020-12-12 13:00:00+01:00;553.174532496528;7.20265776138545
114;Washington;2020-12-12 14:00:00+01:00;991.407979344189;21.0444321001891
115;Convention;2020-12-12 14:00:00+01:00;755.933460234453;5.04087818453086
116;Sts;2020-12-12 14:00:00+01:00;554.502199163195;7.20265776138545
117;Washington;2020-12-12 15:00:00+01:00;1073.14412100106;21.8578778455069
118;Convention;2020-12-12 15:00:00+01:00;762.192918997912;5.30989326254319
119;Sts;2020-12-12 15:00:00+01:00;563.303457124188;7.26901589404449
120;Washington;2020-12-12 16:00:00+01:00;1140.23341210387;22.8444442725067
121;Convention;2020-12-12 16:00:00+01:00;770.98127702877;5.28752912391088
122;Sts;2020-12-12 16:00:00+01:00;597.206869907483;7.43954424230997
123;Washington;2020-12-12 17:00:00+01:00;1148.1548630514;23.2124299408542
124;Convention;2020-12-12 17:00:00+01:00;785.420539076907;5.33060765774522
125;Sts;2020-12-12 17:00:00+01:00;600.761108169221;7.45508881835947
126;Washington;2020-12-12 18:00:00+01:00;1141.40878375608;22.8770432251388
127;Convention;2020-12-12 18:00:00+01:00;788.273927040795;5.331887716222
128;Sts;2020-12-12 18:00:00+01:00;587.797762320625;7.45508881835947
129;Washington;2020-12-12 19:00:00+01:00;1070.17338711131;21.3958822515834
130;Convention;2020-12-12 19:00:00+01:00;780.13904153741;5.37304849258534
131;Sts;2020-12-12 19:00:00+01:00;568.525444932131;7.3995830913573
132;Washington;2020-12-12 20:00:00+01:00;992.341951009834;16.8333571763802
133;Convention;2020-12-12 20:00:00+01:00;771.189952432071;5.35350835580025
134;Sts;2020-12-12 20:00:00+01:00;540.095742523429;6.87138130214093
135;Washington;2020-12-12 21:00:00+01:00;694.222994952415;9.11855039276526
136;Convention;2020-12-12 21:00:00+01:00;715.02899936961;4.35111442194408
137;Sts;2020-12-12 21:00:00+01:00;529.390309067996;6.22783446350626
138;Washington;2020-12-12 22:00:00+01:00;522.63020947416;7.19346889601145
139;Convention;2020-12-12 22:00:00+01:00;438.946230734135;1.99998498359502
140;Sts;2020-12-12 22:00:00+01:00;310.001869552016;4.62706668306862
141;Washington;2020-12-12 23:00:00+01:00;454.244438927128;6.09143896990686
142;Convention;2020-12-12 23:00:00+01:00;315.871948413514;1.7121000871971
143;Sts;2020-12-12 23:00:00+01:00;291.442734801146;4.57908831628848
144;Washington;2020-12-13 00:00:00+01:00;184.45138910897;2.25379864365749
145;Convention;2020-12-13 00:00:00+01:00;207.99499067599;1.43170221399421
146;Sts;2020-12-13 00:00:00+01:00;118.24494825814;1.48166453866405
147;Washington;2020-12-13 01:00:00+01:00;166.511798451606;2.08757660805161
148;Convention;2020-12-13 01:00:00+01:00;195.771500803118;1.42453742741789
149;Sts;2020-12-13 01:00:00+01:00;109.335479327217;1.20374280783507
150;Washington;2020-12-13 02:00:00+01:00;125.735037412106;1.68697093236902
151;Convention;2020-12-13 02:00:00+01:00;149.012202525703;1.30334763730902
152;Sts;2020-12-13 02:00:00+01:00;62.8558587874543;0.814014221082052
153;Washington;2020-12-13 03:00:00+01:00;94.9383905164381;1.30901704031375
154;Convention;2020-12-13 03:00:00+01:00;142.315821032196;1.09740037375814
155;Sts;2020-12-13 03:00:00+01:00;46.1717870471032;0.731738915862985
156;Washington;2020-12-13 04:00:00+01:00;90.4451105073605;1.20881161752078
157;Convention;2020-12-13 04:00:00+01:00;112.391005809979;0.60099145380811
158;Sts;2020-12-13 04:00:00+01:00;40.4341446365811;0.692488372612206
159;Washington;2020-12-13 05:00:00+01:00;92.3765576179125;1.24590337038754
160;Convention;2020-12-13 05:00:00+01:00;105.581898323898;0.57769591291588
161;Sts;2020-12-13 05:00:00+01:00;40.5103598068598;0.664035992792437
162;Washington;2020-12-13 06:00:00+01:00;107.724166392456;1.81281610648695
163;Convention;2020-12-13 06:00:00+01:00;100.008175503418;0.585608375458681
164;Sts;2020-12-13 06:00:00+01:00;34.0913163769495;0.541298806087585
165;Washington;2020-12-13 07:00:00+01:00;165.492642783013;2.26606033339966
166;Convention;2020-12-13 07:00:00+01:00;124.444319358979;0.507541008022069
167;Sts;2020-12-13 07:00:00+01:00;58.9170731074481;0.866389470532856
168;Washington;2020-12-13 08:00:00+01:00;257.028544143444;5.27641548972495
169;Convention;2020-12-13 08:00:00+01:00;142.733942011591;2.96087716191213
170;Sts;2020-12-13 08:00:00+01:00;112.302581318535;1.78299536059317
171;Washington;2020-12-13 09:00:00+01:00;264.673753102762;6.6622658144661
172;Convention;2020-12-13 09:00:00+01:00;183.181348229213;1.61482807619723
173;Sts;2020-12-13 09:00:00+01:00;116.996656902737;1.54534013239114
174;Washington;2020-12-13 10:00:00+01:00;367.493459822727;7.51010172726269
175;Convention;2020-12-13 10:00:00+01:00;294.48579105382;1.82657102890133
176;Sts;2020-12-13 10:00:00+01:00;162.888652248078;1.70844532604096
177;Washington;2020-12-13 11:00:00+01:00;800.518941240216;9.83578122927794
178;Convention;2020-12-13 11:00:00+01:00;424.794152623563;2.69628089832403
179;Sts;2020-12-13 11:00:00+01:00;273.442717448229;3.06189480933881
180;Washington;2020-12-13 12:00:00+01:00;868.050326160636;11.5779750078817
181;Convention;2020-12-13 12:00:00+01:00;604.75362309749;3.45628789120495
182;Sts;2020-12-13 12:00:00+01:00;351.721257242757;3.88471092595213
183;Washington;2020-12-13 13:00:00+01:00;892.239454850789;15.7974199184605
184;Convention;2020-12-13 13:00:00+01:00;627.448975246975;3.70534929533944
185;Sts;2020-12-13 13:00:00+01:00;390.600457514707;4.09362671604925
186;Washington;2020-12-13 14:00:00+01:00;930.219376583897;16.8397364679485
187;Convention;2020-12-13 14:00:00+01:00;608.119433137897;3.71000547382762
188;Sts;2020-12-13 14:00:00+01:00;392.336779859029;4.10829777310807
189;Washington;2020-12-13 15:00:00+01:00;982.0623180316;20.4110328498658
190;Convention;2020-12-13 15:00:00+01:00;614.137191128273;3.99285984606052
191;Sts;2020-12-13 15:00:00+01:00;400.314191905317;4.24670765834701
192;Washington;2020-12-13 16:00:00+01:00;1008.16403308838;22.9199869739706
193;Convention;2020-12-13 16:00:00+01:00;655.39965478553;4.18001582081557
194;Sts;2020-12-13 16:00:00+01:00;447.170595379293;4.97868973028566
195;Washington;2020-12-13 17:00:00+01:00;1025.55790288731;23.367374364679
196;Convention;2020-12-13 17:00:00+01:00;696.088268879813;4.77715308821308
197;Sts;2020-12-13 17:00:00+01:00;478.830840065163;5.13643778079579
198;Washington;2020-12-13 18:00:00+01:00;1022.65487360532;23.1236611287357
199;Convention;2020-12-13 18:00:00+01:00;702.769035973829;5.1168067023827
200;Sts;2020-12-13 18:00:00+01:00;479.817268636592;5.17793980630042
201;Washington;2020-12-13 19:00:00+01:00;1013.00307256426;21.6100720519638
202;Convention;2020-12-13 19:00:00+01:00;709.330023458567;5.24393046484211
203;Sts;2020-12-13 19:00:00+01:00;477.054711913903;5.17246230130042
204;Washington;2020-12-13 20:00:00+01:00;974.756550518455;19.4490055315544
205;Convention;2020-12-13 20:00:00+01:00;697.702847190391;5.19577470962826
206;Sts;2020-12-13 20:00:00+01:00;465.851109502425;5.07943647873023
207;Washington;2020-12-13 21:00:00+01:00;812.439163097523;9.31892533359226
208;Convention;2020-12-13 21:00:00+01:00;640.920301255933;4.13047019197356
209;Sts;2020-12-13 21:00:00+01:00;438.889389083955;4.3776923087926
210;Washington;2020-12-13 22:00:00+01:00;750.244415497213;7.56017888076484
211;Convention;2020-12-13 22:00:00+01:00;458.458540729695;2.14248366941388
212;Sts;2020-12-13 22:00:00+01:00;305.45539377779;3.85235973403049
213;Washington;2020-12-13 23:00:00+01:00;727.364222711842;6.84967760686318
214;Convention;2020-12-13 23:00:00+01:00;337.152751096942;1.85967135242813
215;Sts;2020-12-13 23:00:00+01:00;290.551368708905;3.82649383055078
216;Washington;2020-12-14 00:00:00+01:00;150.630168044233;1.96027274862436
217;Convention;2020-12-14 00:00:00+01:00;158.539033855033;1.37926485068961
218;Sts;2020-12-14 00:00:00+01:00;83.2604668595116;1.35494697917739
219;Washington;2020-12-14 01:00:00+01:00;124.217541515259;1.87296813648553
220;Convention;2020-12-14 01:00:00+01:00;136.676780620523;1.3686334090492
221;Sts;2020-12-14 01:00:00+01:00;62.4743104752574;1.03121001956673
222;Washington;2020-12-14 02:00:00+01:00;92.2604617826423;1.72624091054582
223;Convention;2020-12-14 02:00:00+01:00;72.5400729582165;0.416523186968833
224;Sts;2020-12-14 02:00:00+01:00;40.3807005070093;0.651996443889697
225;Washington;2020-12-14 03:00:00+01:00;74.1588889790351;1.87989802451918
226;Convention;2020-12-14 03:00:00+01:00;61.1682234302934;0.344478604442474
227;Sts;2020-12-14 03:00:00+01:00;22.5810991712535;0.442894378835013
228;Washington;2020-12-14 04:00:00+01:00;72.1187479831172;1.9127019029831
229;Convention;2020-12-14 04:00:00+01:00;55.5723970540553;0.296030375461829
230;Sts;2020-12-14 04:00:00+01:00;20.9346902403152;0.361430362255938
231;Washington;2020-12-14 05:00:00+01:00;86.2577352415158;1.99190351808151
232;Convention;2020-12-14 05:00:00+01:00;58.2550766106098;0.355690964858718
233;Sts;2020-12-14 05:00:00+01:00;22.3978096241993;0.423803920103869
234;Washington;2020-12-14 06:00:00+01:00;208.137849336303;2.62702923437552
235;Convention;2020-12-14 06:00:00+01:00;109.996831152035;0.658590802909307
236;Sts;2020-12-14 06:00:00+01:00;53.9186523947758;0.696096975684597
237;Washington;2020-12-14 07:00:00+01:00;607.471345930788;6.7751776009957
238;Convention;2020-12-14 07:00:00+01:00;297.711000319125;2.09060554421823
239;Sts;2020-12-14 07:00:00+01:00;164.408928295259;2.05260650567273
240;Washington;2020-12-14 08:00:00+01:00;1023.5066787096;12.7852077586549
241;Convention;2020-12-14 08:00:00+01:00;574.474611071118;6.50822139255753
242;Sts;2020-12-14 08:00:00+01:00;376.300807296504;5.08804545159829
243;Washington;2020-12-14 09:00:00+01:00;1215.89021497448;18.2636076600426
244;Convention;2020-12-14 09:00:00+01:00;760.629906058767;7.53224487663355
245;Sts;2020-12-14 09:00:00+01:00;771.7774622582;10.3680181009215
246;Washington;2020-12-14 10:00:00+01:00;1218.52499573478;20.1218387512104
247;Convention;2020-12-14 10:00:00+01:00;756.005122487763;6.71979075559467
248;Sts;2020-12-14 10:00:00+01:00;771.7774622582;10.3680181009215
249;Washington;2020-12-14 11:00:00+01:00;1125.63455242812;19.9964436836493
250;Convention;2020-12-14 11:00:00+01:00;752.141413932429;5.79788475990243
251;Sts;2020-12-14 11:00:00+01:00;772.720800493494;10.3680181009215
252;Washington;2020-12-14 12:00:00+01:00;1080.39272876899;20.4634305623805
253;Convention;2020-12-14 12:00:00+01:00;771.869710080496;5.79271843233921
254;Sts;2020-12-14 12:00:00+01:00;775.628252874447;10.3680181009215
255;Washington;2020-12-14 13:00:00+01:00;1074.41020538959;24.7008854396801
256;Convention;2020-12-14 13:00:00+01:00;785.935424252762;5.79698290561937
257;Sts;2020-12-14 13:00:00+01:00;786.74794659739;10.4143709584366
258;Washington;2020-12-14 14:00:00+01:00;1060.65401072611;24.7614675116345
259;Convention;2020-12-14 14:00:00+01:00;788.106621296459;5.8460339307485
260;Sts;2020-12-14 14:00:00+01:00;787.734007203451;10.4599244868863
261;Washington;2020-12-14 15:00:00+01:00;1061.45196582004;24.5419809300636
262;Convention;2020-12-14 15:00:00+01:00;809.015155101706;6.24803108391767
263;Sts;2020-12-14 15:00:00+01:00;793.003444072138;10.5567311485545
264;Washington;2020-12-14 16:00:00+01:00;1061.48511117468;24.0563394961265
265;Convention;2020-12-14 16:00:00+01:00;808.294349795901;7.25707944598231
266;Sts;2020-12-14 16:00:00+01:00;841.147315943859;10.6316993208977
267;Washington;2020-12-14 17:00:00+01:00;1048.29537348758;22.6871176120154
268;Convention;2020-12-14 17:00:00+01:00;866.691919911586;9.24214086770019
269;Sts;2020-12-14 17:00:00+01:00;849.506109775028;10.6316993208977
270;Washington;2020-12-14 18:00:00+01:00;1048.49862232045;21.7257208124171
271;Convention;2020-12-14 18:00:00+01:00;925.314017231478;11.3963194833909
272;Sts;2020-12-14 18:00:00+01:00;847.667288346457;10.2999264941462
273;Washington;2020-12-14 19:00:00+01:00;1040.09937172872;20.5160434205916
274;Convention;2020-12-14 19:00:00+01:00;925.154150403861;10.8403444425283
275;Sts;2020-12-14 19:00:00+01:00;857.059697843822;9.15586345569794
276;Washington;2020-12-14 20:00:00+01:00;1008.88972999528;16.9524675395717
277;Convention;2020-12-14 20:00:00+01:00;897.566871186003;9.55716075036135
278;Sts;2020-12-14 20:00:00+01:00;854.390831682206;9.00907361376176
279;Washington;2020-12-14 21:00:00+01:00;687.775197095158;10.3851845762259
280;Convention;2020-12-14 21:00:00+01:00;728.108058717426;4.4533960185986
281;Sts;2020-12-14 21:00:00+01:00;847.115852328226;4.47367595050025
282;Washington;2020-12-14 22:00:00+01:00;408.194546359806;8.35339074738155
283;Convention;2020-12-14 22:00:00+01:00;465.111685393854;2.18012455065232
284;Sts;2020-12-14 22:00:00+01:00;302.871509520708;2.59647749840485
285;Washington;2020-12-14 23:00:00+01:00;265.459677188351;7.20546072211018
286;Convention;2020-12-14 23:00:00+01:00;344.393410573087;1.60565431756111
287;Sts;2020-12-14 23:00:00+01:00;283.213189674704;2.11756735110594
288;Washington;2020-12-15 00:00:00+01:00;152.835036957653;1.91695627728011
289;Convention;2020-12-15 00:00:00+01:00;161.59895594683;1.40083857109578
290;Sts;2020-12-15 00:00:00+01:00;84.3098184246132;1.36228907291396
291;Washington;2020-12-15 01:00:00+01:00;129.147609985992;1.82965166514128
292;Convention;2020-12-15 01:00:00+01:00;141.478628423863;1.38420670578122
293;Sts;2020-12-15 01:00:00+01:00;63.3044808049278;1.04246535989091
294;Washington;2020-12-15 02:00:00+01:00;93.1513850282564;1.69833278594415
295;Convention;2020-12-15 02:00:00+01:00;73.7629677332901;0.413752563378827
296;Sts;2020-12-15 02:00:00+01:00;43.3367016447604;0.678104430102368
297;Washington;2020-12-15 03:00:00+01:00;74.4458847773545;1.73972700683391
298;Convention;2020-12-15 03:00:00+01:00;62.2282851495339;0.344912111379982
299;Sts;2020-12-15 03:00:00+01:00;22.4013292679542;0.438925300233285
300;Washington;2020-12-15 04:00:00+01:00;72.6315421007642;1.625618362849
301;Convention;2020-12-15 04:00:00+01:00;57.7413788254658;0.282205789349705
302;Sts;2020-12-15 04:00:00+01:00;20.9071767815517;0.359207574264096
303;Washington;2020-12-15 05:00:00+01:00;86.2577352415158;1.71422198949799
304;Convention;2020-12-15 05:00:00+01:00;59.6875275378645;0.292870570422528
305;Sts;2020-12-15 05:00:00+01:00;22.4619517875915;0.419726317823521
306;Washington;2020-12-15 06:00:00+01:00;208.137849336303;2.44767827490705
307;Convention;2020-12-15 06:00:00+01:00;109.318904190108;0.610427299355205
308;Sts;2020-12-15 06:00:00+01:00;54.2998493367227;0.700608498953693
309;Washington;2020-12-15 07:00:00+01:00;608.093009794702;6.79345874080579
310;Convention;2020-12-15 07:00:00+01:00;303.602026015651;2.09224243588489
311;Sts;2020-12-15 07:00:00+01:00;163.153183853813;2.05669213097035
312;Washington;2020-12-15 08:00:00+01:00;1243.38111011273;15.3887342512612
313;Convention;2020-12-15 08:00:00+01:00;687.028733285341;7.97226832927444
314;Sts;2020-12-15 08:00:00+01:00;446.124940717177;6.11539970269321
315;Washington;2020-12-15 09:00:00+01:00;1475.88329732826;21.8105624062996
316;Convention;2020-12-15 09:00:00+01:00;904.157387819044;8.76521024615557
317;Sts;2020-12-15 09:00:00+01:00;922.618011852697;12.5199295840532
318;Washington;2020-12-15 10:00:00+01:00;1480.04221683059;24.1428333775543
319;Convention;2020-12-15 10:00:00+01:00;887.86187439913;7.69131413182897
320;Sts;2020-12-15 10:00:00+01:00;922.618011852697;12.5199295840532
321;Washington;2020-12-15 11:00:00+01:00;1395.00986167864;23.9685988450524
322;Convention;2020-12-15 11:00:00+01:00;881.838908331864;6.74479812497406
323;Sts;2020-12-15 11:00:00+01:00;923.306511852697;12.5199295840532
324;Washington;2020-12-15 12:00:00+01:00;1343.32534450226;24.5329978855032
325;Convention;2020-12-15 12:00:00+01:00;902.92171590501;6.7651196538982
326;Sts;2020-12-15 12:00:00+01:00;926.79545470984;12.5410009476896
327;Washington;2020-12-15 13:00:00+01:00;1338.76323552791;29.0268736491413
328;Convention;2020-12-15 13:00:00+01:00;921.015521629678;6.78399931041953
329;Sts;2020-12-15 13:00:00+01:00;939.106787177372;12.5966243767078
330;Washington;2020-12-15 14:00:00+01:00;1304.9933308499;29.2122398445655
331;Convention;2020-12-15 14:00:00+01:00;924.386661378816;6.83904855101326
332;Sts;2020-12-15 14:00:00+01:00;940.290059904646;12.6512886108474
333;Washington;2020-12-15 15:00:00+01:00;1303.10350380245;29.1097134498082
334;Convention;2020-12-15 15:00:00+01:00;954.366289857202;7.4786201247936
335;Sts;2020-12-15 15:00:00+01:00;946.61338414707;12.7674566048492
336;Washington;2020-12-15 16:00:00+01:00;1398.66888994351;31.207148385009
337;Convention;2020-12-15 16:00:00+01:00;1031.43499911298;9.74201860475169
338;Sts;2020-12-15 16:00:00+01:00;1086.47364088575;13.8833785847757
339;Washington;2020-12-15 17:00:00+01:00;1363.99295805378;29.6049583186434
340;Convention;2020-12-15 17:00:00+01:00;1093.10839913783;12.8704808034547
341;Sts;2020-12-15 17:00:00+01:00;1097.34007286627;13.8833785847757
342;Washington;2020-12-15 18:00:00+01:00;1360.19327753429;28.5311939150187
343;Convention;2020-12-15 18:00:00+01:00;1199.53938367225;15.60500712409
344;Sts;2020-12-15 18:00:00+01:00;1094.02660500912;13.4059301111401
345;Washington;2020-12-15 19:00:00+01:00;1246.83705096074;24.8702735815459
346;Convention;2020-12-15 19:00:00+01:00;1106.48861652996;13.7374519116634
347;Sts;2020-12-15 19:00:00+01:00;1020.53143704629;11.0018290718375
348;Washington;2020-12-15 20:00:00+01:00;1202.49320730755;20.3759302961224
349;Convention;2020-12-15 20:00:00+01:00;1070.44755636031;12.1962211621193
350;Sts;2020-12-15 20:00:00+01:00;1017.32879765235;10.8256812615141
351;Washington;2020-12-15 21:00:00+01:00;68.5980240745952;1.03727995515201
352;Convention;2020-12-15 21:00:00+01:00;72.9436630145997;0.477680173841194
353;Sts;2020-12-15 21:00:00+01:00;84.0572590118215;0.445594530296237
354;Washington;2020-12-15 22:00:00+01:00;40.8336054296314;0.83133829012471
355;Convention;2020-12-15 22:00:00+01:00;45.0395764043962;0.219829474892239
356;Sts;2020-12-15 22:00:00+01:00;30.715494203917;0.261203960770623
357;Washington;2020-12-15 23:00:00+01:00;26.8687169251843;0.720546072211018
358;Convention;2020-12-15 23:00:00+01:00;32.7571050367116;0.161701197923758
359;Sts;2020-12-15 23:00:00+01:00;27.925880802694;0.213161653103827
360;Washington;2020-12-16 00:00:00+01:00;15.0873668044233;0.198469909394555
361;Convention;2020-12-16 00:00:00+01:00;38.7423168597097;0.0852745362007547
362;Sts;2020-12-16 00:00:00+01:00;36.9230509435009;0.147766288305084
363;Washington;2020-12-16 01:00:00+01:00;12.4590927878895;0.189739448180672
364;Convention;2020-12-16 01:00:00+01:00;24.6730535688168;0.0718922329299507
365;Sts;2020-12-16 01:00:00+01:00;29.8429919213096;0.113700293576225
366;Washington;2020-12-16 02:00:00+01:00;9.3319377261771;0.175842879188009
367;Convention;2020-12-16 02:00:00+01:00;15.5660641037883;0.0672652323373292
368;Sts;2020-12-16 02:00:00+01:00;16.0605516484977;0.0738173459512701
369;Washington;2020-12-16 03:00:00+01:00;7.41896916347128;0.178853174408635
370;Convention;2020-12-16 03:00:00+01:00;9.37291343648181;0.0504965754048612
371;Sts;2020-12-16 03:00:00+01:00;5.72443837412587;0.0458202758940269
372;Washington;2020-12-16 04:00:00+01:00;7.19489920307362;0.165229195631705
373;Convention;2020-12-16 04:00:00+01:00;6.6578123840212;0.034993864295175
374;Sts;2020-12-16 04:00:00+01:00;2.89824838131854;0.0367154705358885
375;Washington;2020-12-16 05:00:00+01:00;8.60879792891348;0.173875379388222
376;Convention;2020-12-16 05:00:00+01:00;6.9012000838214;0.0342834073974304
377;Sts;2020-12-16 05:00:00+01:00;2.96988248373573;0.0426437176769599
378;Washington;2020-12-16 06:00:00+01:00;20.7749682669636;0.244606878198008
379;Convention;2020-12-16 06:00:00+01:00;18.0884535879969;0.0734796370657507
380;Sts;2020-12-16 06:00:00+01:00;10.7206547922665;0.0730839362263651
381;Washington;2020-12-16 07:00:00+01:00;729.279641432735;8.07490392145619
382;Convention;2020-12-16 07:00:00+01:00;497.813925604394;2.50880688377676
383;Sts;2020-12-16 07:00:00+01:00;227.305471423674;2.47303111439621
384;Washington;2020-12-16 08:00:00+01:00;1258.85229269125;15.3432892045861
385;Convention;2020-12-16 08:00:00+01:00;693.315659325967;8.22942516949484
386;Sts;2020-12-16 08:00:00+01:00;473.053762031106;6.2123649436498
387;Washington;2020-12-16 09:00:00+01:00;1486.3126385529;22.586127133433
388;Convention;2020-12-16 09:00:00+01:00;911.57568468884;12.9721691505312
389;Sts;2020-12-16 09:00:00+01:00;940.342143887329;12.7716182299056
390;Washington;2020-12-16 10:00:00+01:00;1492.59631995998;25.2646701164921
391;Convention;2020-12-16 10:00:00+01:00;897.743050389806;12.4620266967011
392;Sts;2020-12-16 10:00:00+01:00;940.342143887329;12.7716182299056
393;Washington;2020-12-16 11:00:00+01:00;1417.27447297147;25.3217459291609
394;Convention;2020-12-16 11:00:00+01:00;891.372268937924;11.2132736746513
395;Sts;2020-12-16 11:00:00+01:00;941.474149769682;12.7716182299056
396;Washington;2020-12-16 12:00:00+01:00;1405.51131216349;25.8710798681851
397;Convention;2020-12-16 12:00:00+01:00;915.874260177404;11.1389993956282
398;Sts;2020-12-16 12:00:00+01:00;946.378203737936;12.7926895935419
399;Washington;2020-12-16 13:00:00+01:00;1400.83115318914;30.3351577880557
400;Convention;2020-12-16 13:00:00+01:00;935.079989711596;11.0001577740506
401;Sts;2020-12-16 13:00:00+01:00;958.719043997677;12.8919292673738
402;Washington;2020-12-16 14:00:00+01:00;1369.96430640097;30.4770038193932
403;Convention;2020-12-16 14:00:00+01:00;940.486617639223;11.04140837592
404;Sts;2020-12-16 14:00:00+01:00;959.902316724949;12.9314820649421
405;Washington;2020-12-16 15:00:00+01:00;1371.58476623918;30.1985736823838
406;Convention;2020-12-16 15:00:00+01:00;967.256604242815;11.5818218023348
407;Sts;2020-12-16 15:00:00+01:00;967.582260347993;13.0531544694439
408;Washington;2020-12-16 16:00:00+01:00;1479.15885031346;32.1328939963336
409;Convention;2020-12-16 16:00:00+01:00;1043.37720207113;14.3821517140861
410;Sts;2020-12-16 16:00:00+01:00;1119.14411081827;14.1928846047533
411;Washington;2020-12-16 17:00:00+01:00;1434.25161327859;30.463983674936
412;Convention;2020-12-16 17:00:00+01:00;1100.86350137448;19.511592157867
413;Sts;2020-12-16 17:00:00+01:00;1132.45570351307;14.1928846047533
414;Washington;2020-12-16 18:00:00+01:00;1432.42658434641;29.1136193594618
415;Convention;2020-12-16 18:00:00+01:00;1214.25197755753;22.7028589421033
416;Sts;2020-12-16 18:00:00+01:00;1133.13643922736;13.7371499311414
417;Washington;2020-12-16 19:00:00+01:00;1315.02663106915;25.247270988221
418;Convention;2020-12-16 19:00:00+01:00;1120.21074531784;19.9854620866145
419;Sts;2020-12-16 19:00:00+01:00;1062.66635965799;11.3164965761026
420;Washington;2020-12-16 20:00:00+01:00;1277.31348814438;20.7162487600788
421;Convention;2020-12-16 20:00:00+01:00;1085.79808514818;17.0709467222618
422;Sts;2020-12-16 20:00:00+01:00;1061.96572026405;11.1403487657792
423;Washington;2020-12-16 21:00:00+01:00;68.9962844031555;1.04099217715574
424;Convention;2020-12-16 21:00:00+01:00;76.3042847165089;0.672651803464247
425;Sts;2020-12-16 21:00:00+01:00;87.4532816032007;0.448499943675662
426;Washington;2020-12-16 22:00:00+01:00;41.1135529220083;0.828190911276587
427;Convention;2020-12-16 22:00:00+01:00;46.1653969782668;0.222332410677369
428;Sts;2020-12-16 22:00:00+01:00;31.7165307035285;0.262483093379806
429;Washington;2020-12-16 23:00:00+01:00;26.6202537733851;0.713885175267566
430;Convention;2020-12-16 23:00:00+01:00;34.3259587205278;0.184807793911013
431;Sts;2020-12-16 23:00:00+01:00;28.9553210541092;0.214520556613231
